ed5ed2811dd67b21300505b384de7e8f4733cc86	PATCH_MANIFEST_V2_1.txt
7f1539cf66f808a2dac9ac80b1d2604c3f56be3f	PATCH_MANIFEST_V2_2.txt
f2cc83e298f0351f02e508f46cdcebd2771ee669	README_AUDIT_HOTFIX.txt
aa12b6a649f7626235d9c39a496741595e865db5	README_BINANCE_TIME_SYNC_FIX.txt
cef87b4ef951f07a7edfe7fa2ed212cf0ae5398c	README_FIRST.txt
ea0b146c82195128d5661c0b3681e016da857f20	README_REDEEM_FIX.txt
63e39d37949038fc7082af30b8e6eaf0996f5eae	UPGRADE_NOTES.txt
5deed7ccc62ec6cc731927a559bd62547b56b5c2	UPGRADE_NOTES_V2.txt
f744d0224d9a50af0488158189f546533536f64b	UPGRADE_NOTES_V2_1.txt
20deac288aa81cbcebcffa5cfa2fb90a4500bc22	UPGRADE_NOTES_V2_2.txt
b6a6b167474ca5efd129137d34a9312145cb4f12	UPLOAD_NOTE.md
89960a7d8f7b6e6e303c1dd21c3053e7f9c1b15b	private/.htaccess
4fb714544810001451f1a0ab0e0ce426faf0415c	private/README.txt
e1a7deec6ec254f3c334e5f9590fee1e6e6126d4	private/automation_worker.php
8ff1cb31410a2cceb94d62548f22d4e85fd398ea	private/binance_giftcard_schema.sql
a8131e2ace3f83f9861ee143b944dc260bb5d3b5	private/binance_giftcard_v4_migration.sql
1ec889e84eb14d12e43a1a920394afd17b565225	private/cheatgame.php.example
797d566bb204fac4687484db0ab6fd12fe83473b	private/commerce_center_schema.sql
eb4e41977b47ae28951a6a451606b33d0db6c350	private/database.php.example
2bec9ff121e7062d19a12578b89c29525724b078	private/key_reset_logs_schema.sql
98c224a2532735a0481efb4c611552e5a7b12fac	private/purchase_activity_events_schema.sql
9917fa6063bd7f00f9f453ffe67cfd7451b8208b	private/ranking_schema.sql
9a07a54b99a11d8e854844526db3c88257feca74	private/slip_debug_schema.sql
52d92c84b6259e2171c43c222e310ae6af24f84e	private/slip_deposits.sql
778812f4a6d44d215431fa7e9f9f189a7e03baa8	private/slip_history_migrate.php
50363f4ebadd98d121a24b676af406b8202a1e3b	private/slip_verification_schema.sql
34414c6754637520d6911a0424e00da587b12f6d	private/store_branding.sql
34469f38ef2c6d770347217d5d7143f15db3166b	private/store_bridge_schema.sql
bfd81a1ced1b00b7927136a0d91d4c56448f8a01	private/transaction_integrity_schema.sql
3f8ed7ff91710b40bd071f0ea3547bc2ec172057	private/trusted_proxies.php
72b79b2a3c6cd41fa1b7114e7edbdf5f32555bcc	public_html/README.md
7231dc948f61a882f81974fcde965687380741d3	public_html/.htaccess
077f6416237ec2227f7b9678d454c7de2f20e0ea	public_html/admin/.htaccess
8fc6a6c81f1ac8e78ac11221549c114e4087366c	public_html/admin/api_client_products.php
d8ce302a67beed59278af5c4e2b8070ffc08b64a	public_html/admin/api_hub.php
503a092bab8e69a97656567d855170b20d649f17	public_html/admin/api_products.php
3a1faf3c172849d8e55d1a5f53e240045b994d77	public_html/admin/binance_deposits.php
f65e2de118bfdb01cda55e42cf4468eb49ebdb26	public_html/admin/binance_giftcards.php
bbe5d0d62153d16119a7bf1fb27278d392f6139d	public_html/admin/categories.php
3ad950671ce9ea92ea8fef17bbfe2165bc0231ec	public_html/admin/cheatgame.php
521f43d82415465f3fcff6d21164613737a40df9	public_html/admin/cheatgame_image.php
6b632fd32af984a441c85abcbcd30d0904f6e497	public_html/admin/codes.php
1eb538ba7c22c9b1388daf8444ad93eabf9ac57d	public_html/admin/commerce_center.php
3a5510fb131dd8a229e2f455176235d034cf57a9	public_html/admin/commerce_consistency.php
ab81ace76887be8640336ff58a9002bd833ad0d4	public_html/admin/commerce_ledger.php
27e6b781e1f31092d3f656e21869d7b882812661	public_html/admin/dashboard.php
ff55a03f0fed6affcfcfe20d1a68324669cff5cd	public_html/admin/deposit.php
1ca50b85dcc605e58fbcf6c392795223bd3910cd	public_html/admin/email_settings.php
e69d1cb122674f47f0dbeb390d7364884dc0f1eb	public_html/admin/get_discount.php
784a103b2a37525461d0c9f404ea99ad2e5f70b8	public_html/admin/get_variants.php
d0572334bd1b3330a7e17f1f035d3f6d39ffd1bc	public_html/admin/key_reset_action.php
98c6c244c8fb1a6a192ea77c3879c2cdd1f2675e	public_html/admin/key_resets.php
ba1a5527b980ad012b4da4cc5cd803fc6129a5ae	public_html/admin/keys.php
a0029e59fb598ba812585a6a7647aeca3a89c2cc	public_html/admin/music.php
8ece377efe090a0b09593488dc1263d95a8ee8a4	public_html/admin/nav.php
b060a8ec421cec647497e0ee9517e475ed49d2fa	public_html/admin/out_of_stock.php
5dce9a44d548c078dacfb1348901c1ea31d64dc1	public_html/admin/profit.php
abe1ca24d839b86c706965ddc1b84ba13bb2323f	public_html/admin/products.php
323abfce04fc9b43362a6a997179ad71150dbc32	public_html/admin/rankings.php
9a2bcd624e632a6a0d797c0d07c6f7670924d079	public_html/admin/reseller-prices.php
bcd5a69630c0cb290d0f01054fd51dc36f7acfbc	public_html/admin/resellers.php
4fc2e428ba666e9c6554dff25b8974809e7ff17f	public_html/admin/set_currency.php
615eb203355213b872bfbb35f396b85d137e8d73	public_html/admin/settings.php
857a880855c974f5eb716ca625effa47cc978b93	public_html/admin/slip-debug.php
a28081d1c4fc5d0bbcbd5abb5d58ddca97533d3d	public_html/admin/transaction_integrity.php
9a3bfacdb734ea37697f69f6f9d35c14ef1d0648	public_html/admin/transaction_integrity_action.php
1be532cf8ade5469af216bf93f872fd8281ad512	public_html/admin/transactions.php
4b2a8a141432d5bb0a808c27192941ea17e3a6af	public_html/admin/truemoney_debug.php
91c39d06b05f93a3ef18816c157215bcb5b42fa9	public_html/admin/users.php
c1e9036a7a73979b6b1731a2a61c9de92a8c6086	public_html/admin/xchetos.php
9a0cf6b3bf54e57c2d66252d4f5aaaf22827d790	public_html/admin/xchetos_action.php
0cce8e01d765003a9f4a5c6ed232cb80177b8cbe	public_html/assets/css/tailwind-built.css
ec36f3a7599fab4eff918dba14194894d33b4986	public_html/assets/js/announcement-marquee.js
ec6d36b437e6da01e20f7aa7a3a4e6316615d531	public_html/assets/js/app.js
e7c607e360641c3555600209c2175c782c5d28bc	public_html/assets/js/dashboard-live.js
c64cd49827fa7829d078fab45df80f88276653c9	public_html/assets/js/fast-nav.js
9855e05985a70aa068b1f1fb69777bf70a6cb0fb	public_html/assets/js/instant-filter.js
b32a4a022424963606e958bd9c75e7fdcf845e03	public_html/assets/js/lang.js
140137846f1969352f98c33fd34e2a5984e302ea	public_html/assets/js/music-player.js
53290494e89468e086ee1c111f2f719476bd3ea3	public_html/assets/js/nav.js
17f5f534a1a163b0435863d3f2b4646f7d378612	public_html/assets/js/purchase-activity.js
56d6f9b1c0a703695999660501c87a1e6db0092a	public_html/assets/js/security.js
e52163d3801c1985c00bf7f7c5654814873badf2	public_html/assets/js/shell-bridge.js
0b4f905932e47add70445b507a04a47ca42a237b	public_html/assets/js/user-fast-pages.js
232a739251aac57be0868cbd7de997e052cbe95b	public_html/assets/uploads/.htaccess
0d900b459ac73206b36d37d3a58cc97acd92c0b7	public_html/assets/uploads/icons/.htaccess
7ae393c68a8d33438908ee6bae8868d42a1ad87f	public_html/assets/uploads/icons/index.php
5a0fb533fac327d4c7cb87add31c5e77235951a5	public_html/assets/uploads/products/.htaccess
ce932e587c1dc4a3aa4734423df284291be198374	public_html/assets/uploads/products/index.php
04a1cf9f7c47ba1ed458a1bc83a7d68fe9508a0f	public_html/api/store/diagnostic.php
983b69e07077676b0e4f07491dadd8127f4daf9a	public_html/api/store/ping.php
bb6ee716091a86af3bd8cfec84f4762c3b8a37d0	public_html/api/store/v1.php
b3a13d2ef8da9a9e78169fe0fd6ed34496d05a22	public_html/app.php
2954324d471be84f1848347e9384a33c1f1b5c9f	public_html/automation_runner.php
546771ab7771edaff41fecb4c6a774690aa632a2	public_html/cgo_inventory.php
02873c01b3bc5174077845234435ca18251a6c56	public_html/cgo_order_status.php
827d1beb55f9c50ba5a60cdbce0096fcc6fae62d	public_html/forgot_password.php
7dd3f13b20f66b8898af60cdfbfb09841db9940d	public_html/generate_qr.php
881eb8df2a449205e95007eab99d6c85f0405c21	public_html/get_rate.php
b5d95824670a19d504b6cc0cbb69238603e7e18c	public_html/health.php
3aeade112ea7f95108505325b1142105ca88869e	public_html/includes/.htaccess
326cbcd5ae73fc5e9e2db7f56609a30ca75dfe10	public_html/includes/account_recovery.php
74818b5c01be6c2e31c61971d2a2b884c752e514	public_html/includes/announcement_marquee.php
09ff66f703250f330199b0267a4d77ae79e93f15	public_html/includes/automation.php
13608ea7439f7e1a0219401e4efb1815948699f4	public_html/includes/binance.php
edf2063135cf5bbf91049b97ee4bd81306ddb3fe	public_html/includes/binance_giftcard.php
2308d3a2849af90ca8ebdd55b5ac7b8ae68fd159	public_html/includes/binance_time.php
7be3b93d5ef8c414f8ac15750c57658df7b6ef05	public_html/includes/cheatgame.php
af4c01513633c366b9d334dad4b4925a4e6e361b	public_html/includes/cheatgame_store_page.php
c8a09d61c0142ee0aca17b7897a9629f05f35617	public_html/includes/commerce_center.php
7ad1874359af39d2fa7b7d8e1bdc0a7f20ec8df2	public_html/includes/commerce_consistency.php
76a5a393b7ecea7f9aedf0332684909be0b26a81	public_html/includes/commerce_context.php
73934805e004d28aa6ed1b3effe92917ad72daf8	public_html/includes/csrf.php
038a5cfd1ea4688f52b43ef17904295537834130	public_html/includes/db.php
9380d7775cb8fea9df9a16226401501cfb2c40e9	public_html/includes/deposit.php
ca8f5f7b2b6311925a99c272df7e80f2d110d215	public_html/includes/functions.php
f1de000a033afc86e2ee11abc0bb5560966224a0	public_html/includes/key_history_cleanup.php
a50c0478d8493265305af6ef8ab6c10aa0ab4953	public_html/includes/key_reset.php
86ac7526b27968e9a852b1a98b4d3286dba9a9b9	public_html/includes/maintenance_diagnostics.php
b84d80347332e2e15dfb2adbfac00c0308930539	public_html/includes/music_player.php
317049192545c1b09386657cd6b3ac5f5515c088	public_html/includes/purchase_activity.php
c0305e53d3a72126b9d972ef64e7fe567c1b8a48	public_html/includes/ranking.php
72ea5f345174f599469681358590c3c70d4eea25	public_html/includes/security.php
689c4fdd63f450dc19531effea84c4287035cf98	public_html/includes/slip_debug.php
329cbc4e232af16ab5b200ea47c3eb20cabe42ae	public_html/includes/store_bridge.php
5dd92d55585f7ba56a5d7a7671a41b214915283d	public_html/includes/transaction_integrity.php
e29a485c2e63fe70a4d040bf2b1fb2fae41e977c	public_html/includes/truemoney.php
1f646c6c99d20fb6178de0fbebff2d84a7834ff2	public_html/includes/wallet_ledger.php
68efafe7bbd42bca411dd4c949534be8adc05d1b	public_html/includes/xchetos.php
96812888e78646db2ef29ee2dfd219727fbe3632	public_html/includes/auth.php
1db06d4aad9f405b63fc9c2be0240e78e7a2b801	public_html/index.php
cd3f223497fbbaacc3eefd43d84177d62e440952	public_html/login.php
5fdb8039048d836b4555437688729621700697d4	public_html/logout.php
4381ac9be7a2b1e2db9741f921c8762de794fbc9	public_html/purchase_activity.php
bf6b8303fa801f0ae55333f4e3f09ff1214c31c6	public_html/redeem_binance_giftcard.php
781fa5f97887fb2605ab2b0bfa9021a927c64522	public_html/register.php
51826a759b64a711c219019797aa7e1747d3f2a2	public_html/reseller/.htaccess
f3bb90edaa011d4f6c9a4faed41ec2e1ae62f96d	public_html/reseller/account.php
a5f0cceb5e7b3626c013fd0085e241192e3fe98a	public_html/reseller/api_store.php
270e6daf8220daacf5d37117fe46779261ff4bdd	public_html/reseller/api_store_download.php
6d42457d53bce2622e9209023b7db0569aad1e5c	public_html/reseller/deposit.php
89fe2377b19eebbd40875a3031726cf0a94e230b	public_html/reseller/dashboard.php
d9a4b88b3e353b36cc7d249d68399a5d10f9593a	public_html/reseller/get_variants_reseller.php
dc1f00f27dfd0305e5ad5d46282738d2b007626f	public_html/reseller/history.php
b1d8c27199037c94a1e3bb7b8d2c7d38e1214bb0	public_html/reseller/key_reset_action.php
8e746ab76a8997c45c160c6256e593579ce7b89d	public_html/reseller/key_resets.php
73d320389ff9508899822425c528a0d1c6c355be	public_html/reseller/key_reset_status.php
30c13bcd00655eb9a3ea8b0d7176d66e3aaf5447	public_html/reseller/mykeys.php
c8a472a6758fa4ba3857a7f2db74bf7a853a14dc	public_html/reseller/nav.php
11d3a1c8f93031a054694b4222a197876ae8bda5	public_html/reseller/rankings.php
088f03aa1bfb5999104f3cc2659804255ae9c6b5	public_html/reseller/reset_hwid.php
dfdb5705b3e688cd09454ef948ec286f527e7eb6	public_html/reseller/buy.php
588117135344193d5d2bf4da6f707609e09614d9	public_html/reset_password.php
fce919156cb257b510b977e746548362b2e11ad4	public_html/slip_maintenance.php
63e59bc90f020ef31608df22a13b6f9fdca0a9f7	public_html/toggle_lang.php
2f0d176215c232e3713f1455f319f8bd8f7b4c37	public_html/user/.htaccess
f4f7ac1330e200b5951785817a4cb78ef2e09aad	public_html/user/account.php
fba5734be485247b986cf6b48c92b18bc40620db	public_html/user/api_store.php
d40d62eada866dd05b125c2447658498b30fa89d	public_html/user/buy.php
b628fda1ac7b59c3faf40316b85d3a638f436f08	public_html/user/dashboard.php
9843ce759e1353acd681439642c106086229b3eaa	public_html/user/dashboard_dynamic.php
525ad1d5dc9384094c50cb7f1fdd1af6c582ab9e	public_html/user/dashboard_dynamic_content.php
b967307949693d4440026814ca05b39a7b69f1be	public_html/user/deposit.php
73611d6a61e3d4cbb64112293746c956750ee2ac	public_html/user/get_variants.php
f9492555fe62567b1b958c9db2757fec05f333d7	public_html/user/history.php
35d1edb8369199e901abde4b8d02de847c501bfb	public_html/user/mykeys.php
f8ba1291024f6ddf8f0d70897e8ce85404021c37	public_html/user/nav.php
0f93010f76dcb00005f5e30341f626c846923ce7	public_html/user/reseller_program.php
9f22a4dc3b7dfd4b2f89cb2b36966fcf6e8bcb4d	public_html/user/redeem_angpao.php
ed4e9e74aeb749e5674d1333a6a3ce9d963ab7e9	public_html/user/rankings.php
f57b88a8e17164f1cac29ca1f968038904cd9641	public_html/verify_slip.php
0a32dafae554bb88dbc07a23964fd30430ca343d	public_html/verify_binance.php
02cf3ef802ecd0774d73882e34dda7a4cf322263	public_html/webhook_cheatgame.php
