34469f38ef2c6d770347217d5d7143f15db3166b	private/store_bridge_schema.sql
8fc6a6c81f1ac8e78ac11221549c114e4087366c	public_html/admin/api_client_products.php
503a092bab8e69a97656567d855170b20d649f17	public_html/admin/api_products.php
f65e2de118bfdb01cda55e42cf4468eb49ebdb26	public_html/admin/binance_giftcards.php
6b632fd32af984a441c85abcbcd30d0904f6e497	public_html/admin/codes.php
ab81ace76887be8640336ff58a9002bd833ad0d4	public_html/admin/commerce_ledger.php
27e6b781e1f31092d3f656e21869d7b882812661	public_html/admin/dashboard.php
1ca50b85dcc605e58fbcf6c392795223bd3910cd	public_html/admin/email_settings.php
98c6c244c8fb1a6a192ea77c3879c2cdd1f2675e	public_html/admin/key_resets.php
ba1a5527b980ad012b4da4cc5cd803fc6129a5ae	public_html/admin/keys.php
a0029e59fb598ba812585a6a7647aeca3a89c2cc	public_html/admin/music.php
8ece377efe090a0b09593488dc1263d95a8ee8a4	public_html/admin/nav.php
323abfce04fc9b43362a6a997179ad71150dbc32	public_html/admin/rankings.php
9a2bcd624e632a6a0d797c0d07c6f7670924d079	public_html/admin/reseller-prices.php
bcd5a69630c0cb290d0f01054fd51dc36f7acfbc	public_html/admin/resellers.php
857a880855c974f5eb716ca625effa47cc978b93	public_html/admin/slip-debug.php
a28081d1c4fc5d0bbcbd5abb5d58ddca97533d3d	public_html/admin/transaction_integrity.php
4b2a8a141432d5bb0a808c27192941ea17e3a6af	public_html/admin/truemoney_debug.php
91c39d06b05f93a3ef18816c157215bcb5b42fa9	public_html/admin/users.php
0cce8e01d765003a9f4a5c6ed232cb80177b8cbe	public_html/assets/css/tailwind-built.css
c64cd49827fa7829d078fab45df80f88276653c9	public_html/assets/js/fast-nav.js
2954324d471be84f1848347e9384a33c1f1b5c9f	public_html/automation_runner.php
326cbcd5ae73fc5e9e2db7f56609a30ca75dfe10	public_html/includes/account_recovery.php
13608ea7439f7e1a0219401e4efb1815948699f4	public_html/includes/binance.php
edf2063135cf5bbf91049b97ee4bd81306ddb3fe	public_html/includes/binance_giftcard.php
af4c01513633c366b9d334dad4b4925a4e6e361b	public_html/includes/cheatgame_store_page.php
7ad1874359af39d2fa7b7d8e1bdc0a7f20ec8df2	public_html/includes/commerce_consistency.php
76a5a393b7ecea7f9aedf0332684909be0b26a81	public_html/includes/commerce_context.php
9380d7775cb8fea9df9a16226401501cfb2c40e9	public_html/includes/deposit.php
86ac7526b27968e9a852b1a98b4d3286dba9a9b9	public_html/includes/maintenance_diagnostics.php
c0305e53d3a72126b9d972ef64e7fe567c1b8a48	public_html/includes/ranking.php
689c4fdd63f450dc19531effea84c4287035cf98	public_html/includes/slip_debug.php
5dd92d55585f7ba56a5d7a7671a41b214915283d	public_html/includes/transaction_integrity.php
1f646c6c99d20fb6178de0fbebff2d84a7834ff2	public_html/includes/wallet_ledger.php
cd3f223497fbbaacc3eefd43d84177d62e440952	public_html/login.php
781fa5f97887fb2605ab2b0bfa9021a927c64522	public_html/register.php
a5f0cceb5e7b3626c013fd0085e241192e3fe98a	public_html/reseller/api_store.php
dfdb5705b3e688cd09454ef948ec286f527e7eb6	public_html/reseller/buy.php
dc1f00f27dfd0305e5ad5d46282738d2b007626f	public_html/reseller/history.php
8e746ab76a8997c45c160c6256e593579ce7b89d	public_html/reseller/key_resets.php
d40d62eada866dd05b125c2447658498b30fa89d	public_html/user/buy.php
f9492555fe62567b1b958c9db2757fec05f333d7	public_html/user/history.php
0f93010f76dcb00005f5e30341f626c846923ce7	public_html/user/reseller_program.php
